id;company_name;student_name;start_date;end_date;tasks
1;whoa;grape;2023-10-31T22:55:35;2023-10-31T19:47:29;flop
2;men;cynic;2023-10-31T23:43:55;2023-10-31T17:21:14;smith sympathy nationalise
3;pacify;furiously;2023-10-31T11:31:18;2023-11-01T01:16:29;betide
4;loudly;unsung diligently round;2023-10-31T16:23:00;2023-10-31T13:33:24;sports finalise
5;so;enthral;2023-10-31T17:51:36;2023-10-31T22:59:55;dangerous
6;jubilant;whenever furthermore psst;2023-11-01T07:38:44;2023-10-31T18:52:33;duh
7;ick selfish;until vault;2023-10-31T11:48:56;2023-11-01T07:19:15;pupa
8;that;pro calmly criticism;2023-11-01T04:09:55;2023-10-31T20:36:42;comfortable gleefully
9;healthily;besides properly until;2023-10-31T21:50:59;2023-11-01T05:56:03;whether
10;onto;boo;2023-11-01T03:41:41;2023-11-01T06:36:26;bookmark
